Input_file_name_(no_extension),Weather_file_name_(no_extension),External_Interface?
1ZoneDataCenterCRAC_wApproachTemp.idf,USA_CO_Denver-Stapleton_TMY,
1ZoneDataCenterCRAC_wPumpedDXCoolingCoil.idf,USA_CO_Denver-Stapleton_TMY,
1ZoneEvapCooler.idf,USA_CO_Denver-Stapleton_TMY,
1ZoneParameterAspect.idf,USA_CO_Denver-Stapleton_TMY,
1ZoneUncontrolled.idf,USA_CO_Denver-Stapleton_TMY,
1ZoneUncontrolled3SurfaceZone.idf,USA_CO_Denver-Stapleton_TMY,
1ZoneUncontrolledAnnualOutputs.idf,USA_CO_Denver-Stapleton_TMY,
1ZoneUncontrolledCondFDWithVariableKat24C.idf,USA_CO_Denver-Stapleton_TMY,
1ZoneUncontrolledFourAlgorithms.idf,USA_CO_Denver-Stapleton_TMY,
1ZoneUncontrolledResLayers.idf,USA_CO_Denver-Stapleton_TMY,
1ZoneUncontrolledUTF8.idf,USA_CO_Denver-Stapleton_TMY,
1ZoneUncontrolledWithHysteresisPCM.idf,USA_CO_Denver-Stapleton_TMY,
1ZoneUncontrolled_DD2009.idf,USA_IL_Chicago-OHare.Intl.AP.725300_TMY3,
1ZoneUncontrolled_DDChanges.idf,USA_CO_Denver-Stapleton_TMY,
1ZoneUncontrolled_FCfactor_Slab_UGWall.idf,USA_CO_Denver-Stapleton_TMY,
1ZoneUncontrolled_OtherEquipmentWithFuel.idf,USA_CO_Denver-Stapleton_TMY,
1ZoneUncontrolled_win_1.idf,USA_CO_Denver-Stapleton_TMY,
1ZoneUncontrolled_win_2.idf,USA_CO_Denver-Stapleton_TMY,
1ZoneWith14ControlledHeat-CoolPanels.idf,USA_CO_Denver-Stapleton_TMY,
2ZoneDataCenterHVAC_wEconomizer.idf,USA_IL_Chicago-OHare.Intl.AP.725300_TMY3,
4ZoneWithShading_Simple_1.idf,USA_IL_Chicago-OHare.Intl.AP.725300_TMY3,
4ZoneWithShading_Simple_2.idf,USA_IL_Chicago-OHare.Intl.AP.725300_TMY3,
5ZoneAirCooled.idf,USA_IL_Chicago-OHare.Intl.AP.725300_TMY3,
5ZoneAirCooledConvCoef.idf,USA_IL_Chicago-OHare.Intl.AP.725300_TMY3,
5ZoneAirCooledConvCoefPIU.idf,USA_IL_Chicago-OHare.Intl.AP.725300_TMY3,
5ZoneAirCooledDemandLimiting.idf,USA_IL_Chicago-OHare.Intl.AP.725300_TMY3,
5ZoneAirCooledDemandLimiting_FixedRateVentilation.idf,USA_IL_Chicago-OHare.Intl.AP.725300_TMY3,
5ZoneAirCooledDemandLimiting_ReductionRatioVentilation.idf,USA_IL_Chicago-OHare.Intl.AP.725300_TMY3,
5ZoneAirCooledWithCoupledInGradeSlab.idf,USA_IL_Chicago-OHare.Intl.AP.725300_TMY3,
5ZoneAirCooledWithDOASAirLoop.idf,USA_IL_Chicago-OHare.Intl.AP.725300_TMY3,
5ZoneAirCooledWithSlab.idf,USA_IL_Chicago-OHare.Intl.AP.725300_TMY3,
5ZoneAirCooled_UniformLoading.idf,USA_IL_Chicago-OHare.Intl.AP.725300_TMY3,
5ZoneAirCooled_AirBoundaries.idf,USA_IL_Chicago-OHare.Intl.AP.725300_TMY3,
5ZoneAirCooled_AirBoundaries_Daylighting.idf,USA_IL_Chicago-OHare.Intl.AP.725300_TMY3,
5ZoneAirCooled_VAVBoxMinAirFlowTurnDown.idf,USA_IL_Chicago-OHare.Intl.AP.725300_TMY3,
5ZoneAirCooled_VRPSizing.idf,USA_IL_Chicago-OHare.Intl.AP.725300_TMY3,
5ZoneAirCooled_VRPSizing_MaxZd.idf,USA_IL_Chicago-OHare.Intl.AP.725300_TMY3,
5ZoneAirCooled_ZoneAirMassFlowBalance.idf,USA_IL_Chicago-OHare.Intl.AP.725300_TMY3,
5ZoneAirCooled_ZoneAirMassFlowBalance_Pressurized.idf,USA_IL_Chicago-OHare.Intl.AP.725300_TMY3,
5ZoneAutoDXVAV.idf,USA_IL_Chicago-OHare.Intl.AP.725300_TMY3,
5ZoneBoilerOutsideAirReset.idf,USA_IL_Chicago-OHare.Intl.AP.725300_TMY3,
5ZoneBranchSupplyPumps.idf,USA_IL_Chicago-OHare.Intl.AP.725300_TMY3,
5ZoneCAV_MaxTemp.idf,USA_IL_Chicago-OHare.Intl.AP.725300_TMY3,
5ZoneCAVtoVAVWarmestTempFlow.idf,USA_IL_Chicago-OHare.Intl.AP.725300_TMY3,
5ZoneCoolBeam.idf,USA_CA_San.Francisco.Intl.AP.724940_TMY3,
5ZoneCoolingPanelBaseboard.idf,USA_IL_Chicago-OHare.Intl.AP.725300_TMY3,
5ZoneCoolingPanelBaseboardAuto.idf,USA_IL_Chicago-OHare.Intl.AP.725300_TMY3,
5ZoneCoolingPanelBaseboardTotalLoad.idf,USA_IL_Chicago-OHare.Intl.AP.725300_TMY3,
5ZoneCoolingPanelBaseboardVarOff.idf,USA_IL_Chicago-OHare.Intl.AP.725300_TMY3,
5ZoneCostEst.idf,USA_IL_Chicago-OHare.Intl.AP.725300_TMY3,
5ZoneDDCycOnAny.idf,USA_IL_Chicago-OHare.Intl.AP.725300_TMY3,
5ZoneDDCycOnOne.idf,USA_IL_Chicago-OHare.Intl.AP.725300_TMY3,
5ZoneDesignInputCoolingCoil.idf,USA_IL_Chicago-OHare.Intl.AP.725300_TMY3,
5ZoneDetailedIceStorage.idf,USA_IL_Chicago-OHare.Intl.AP.725300_TMY3,
5ZoneDetailedIceStorage2.idf,USA_IL_Chicago-OHare.Intl.AP.725300_TMY3,
5ZoneDetailedIceStorageCubicLinear.idf,USA_IL_Chicago-OHare.Intl.AP.725300_TMY3,
5ZoneDetailedIceStorageSimpleCtrl.idf,USA_IL_Chicago-OHare.Intl.AP.725300_TMY3,
5ZoneEconomicsTariffAndLifeCycleCosts.idf,USA_IL_Chicago-OHare.Intl.AP.725300_TMY3,
5ZoneElectricBaseboard.idf,USA_IL_Chicago-OHare.Intl.AP.725300_TMY3,
5ZoneEndUses.idf,USA_IL_Chicago-OHare.Intl.AP.725300_TMY3,
5ZoneEngChill.idf,USA_IL_Chicago-OHare.Intl.AP.725300_TMY3,
5ZoneFPIU.idf,USA_IL_Chicago-OHare.Intl.AP.725300_TMY3,
5ZoneFanCoilDOASCool.idf,USA_IL_Chicago-OHare.Intl.AP.725300_TMY3,
5ZoneFanCoilDOAS_ERVOnAirLoopMainBranch.idf,USA_IL_Chicago-OHare.Intl.AP.725300_TMY3,
5ZoneFanCoilDOAS_HumidifierOnOASystem.idf,USA_IL_Chicago-OHare.Intl.AP.725300_TMY3,
5ZoneGeometryTransform.idf,USA_IL_Chicago-OHare.Intl.AP.725300_TMY3,
5ZoneIceStorage.idf,USA_IL_Chicago-OHare.Intl.AP.725300_TMY3,
5ZoneNightVent1.idf,USA_CA_Fresno.Air.Terminal.723890_TMY3,
5ZoneNightVent2.idf,USA_CA_Fresno.Air.Terminal.723890_TMY3,
5ZoneNightVent3.idf,USA_CA_Fresno.Air.Terminal.723890_TMY3,
5ZoneReturnFan.idf,USA_IL_Chicago-OHare.Intl.AP.725300_TMY3,
5ZoneSteamBaseboard.idf,USA_IL_Chicago-OHare.Intl.AP.725300_TMY3,
5ZoneSupRetPlenRAB.idf,USA_IL_Chicago-OHare.Intl.AP.725300_TMY3,
5ZoneSupRetPlenVSATU.idf,USA_IL_Chicago-OHare.Intl.AP.725300_TMY3,
5ZoneSwimmingPool.idf,USA_IL_Chicago-OHare.Intl.AP.725300_TMY3,
5ZoneSwimmingPoolZoneMultipliers.idf,USA_IL_Chicago-OHare.Intl.AP.725300_TMY3,
5ZoneTDV.idf,USA_IL_Chicago-OHare.Intl.AP.725300_TMY3,
5ZoneVAV-ChilledWaterStorage-Mixed.idf,USA_IL_Chicago-OHare.Intl.AP.725300_TMY3,
5ZoneVAV-ChilledWaterStorage-Mixed_DCV_MaxZd.idf,USA_IL_Chicago-OHare.Intl.AP.725300_TMY3,
5ZoneVAV-ChilledWaterStorage-Mixed_DCV_MultiPath.idf,USA_IL_Chicago-OHare.Intl.AP.725300_TMY3,
5ZoneVAV-ChilledWaterStorage-Stratified.idf,USA_IL_Chicago-OHare.Intl.AP.725300_TMY3,
5ZoneVAV-Pri-SecLoop.idf,USA_IL_Chicago-OHare.Intl.AP.725300_TMY3,
5ZoneWLHPPlantLoopTower.idf,USA_IL_Chicago-OHare.Intl.AP.725300_TMY3,
5ZoneWarmest.idf,USA_IL_Chicago-OHare.Intl.AP.725300_TMY3,
5ZoneWarmestMultDDSizBypass.idf,USA_IL_Chicago-OHare.Intl.AP.725300_TMY3,
5ZoneWarmestMultDDSizOnOff.idf,USA_IL_Chicago-OHare.Intl.AP.725300_TMY3,
5ZoneWarmestMultDDSizVAV.idf,USA_IL_Chicago-OHare.Intl.AP.725300_TMY3,
5ZoneWarmestMultDDSizVT.idf,USA_IL_Chicago-OHare.Intl.AP.725300_TMY3,
5ZoneWarmestVFD.idf,USA_IL_Chicago-OHare.Intl.AP.725300_TMY3,
5ZoneWarmestVFD_FCMAuto.idf,USA_IL_Chicago-OHare.Intl.AP.725300_TMY3,
5ZoneWaterCooled_Baseboard.idf,USA_IL_Chicago-OHare.Intl.AP.725300_TMY3,
5ZoneWaterCooled_BaseboardScalableSizing.idf,USA_IL_Chicago-OHare.Intl.AP.725300_TMY3,
5ZoneWaterCooled_GasFiredSteamHumidifier.idf,USA_IL_Chicago-OHare.Intl.AP.725300_TMY3,
5ZoneWaterCooled_HighRHControl.idf,USA_IL_Chicago-OHare.Intl.AP.725300_TMY3,
5ZoneWaterCooled_MultizoneAverageRHControl.idf,USA_IL_Chicago-OHare.Intl.AP.725300_TMY3,
5ZoneWaterCooled_MultizoneMinMaxRHControl.idf,USA_IL_Chicago-OHare.Intl.AP.725300_TMY3,
5ZoneWaterLoopHeatPump.idf,USA_IL_Chicago-OHare.Intl.AP.725300_TMY3,
5ZoneWaterSystems.idf,USA_IL_Chicago-OHare.Intl.AP.725300_TMY3,
5Zone_IdealLoadsAirSystems_ReturnPlenum.idf,USA_IL_Chicago-OHare.Intl.AP.725300_TMY3,
5Zone_Transformer.idf,USA_IL_Chicago-OHare.Intl.AP.725300_TMY3,
5Zone_Unitary_HXAssistedCoil.idf,USA_IL_Chicago-OHare.Intl.AP.725300_TMY3,
5Zone_Unitary_VSDesuperheatWaterHeater.idf,USA_IL_Chicago-OHare.Intl.AP.725300_TMY3,
5Zone_Unitary_VSDesuperheater.idf,USA_IL_Chicago-OHare.Intl.AP.725300_TMY3,
ASIHPMixedTank.idf,USA_IL_Chicago-OHare.Intl.AP.725300_TMY3,
AbsorptionChiller.idf,USA_IL_Chicago-OHare.Intl.AP.725300_TMY3,
ActiveTrombeWall.idf,USA_IL_Chicago-OHare.Intl.AP.725300_TMY3,
AdaptiveThermostatASH55_5Zone_Miami.idf,USA_FL_Miami.Intl.AP.722020_TMY3,
AirCooledElectricChiller.idf,USA_IL_Chicago-OHare.Intl.AP.725300_TMY3,
AirEconomizerFaults_RefBldgLargeOfficeNew2004_Chicago.idf,USA_IL_Chicago-OHare.Intl.AP.725300_TMY3,
AirEconomizerWithMaxMinOAFractions.idf,USA_IL_Chicago-OHare.Intl.AP.725300_TMY3,
AirflowNetwork3zVent.idf,USA_IL_Chicago-OHare.Intl.AP.725300_TMY3,
AirflowNetwork3zVentAutoWPC.idf,USA_IL_Chicago-OHare.Intl.AP.725300_TMY3,
AirflowNetworkAdvanced_SingleSided_NV.idf,USA_CA_San.Francisco.Intl.AP.724940_TMY3,
AirflowNetworkOccupantVentilationControl.idf,USA_IL_Chicago-OHare.Intl.AP.725300_TMY3,
AirflowNetwork_Attic_Duct.idf,USA_IL_Chicago-OHare.Intl.AP.725300_TMY3,
AirflowNetwork_MultiAirLoops.idf,USA_IL_Chicago-OHare.Intl.AP.725300_TMY3,
AirflowNetwork_MultiZone_House.idf,USA_IL_Chicago-OHare.Intl.AP.725300_TMY3,
AirflowNetwork_MultiZone_House_FanModel.idf,USA_IL_Chicago-OHare.Intl.AP.725300_TMY3,
AirflowNetwork_MultiZone_House_OvercoolDehumid.idf,USA_FL_Miami.Intl.AP.722020_TMY3,
AirflowNetwork_MultiZone_House_TwoSpeed.idf,USA_IL_Chicago-OHare.Intl.AP.725300_TMY3,
AirflowNetwork_MultiZone_LocalNode.idf,USA_IL_Chicago-OHare.Intl.AP.725300_TMY3,
AirflowNetwork_MultiZone_SmallOffice.idf,USA_IL_Chicago-OHare.Intl.AP.725300_TMY3,
AirflowNetwork_MultiZone_SmallOffice_CoilHXAssistedDX.idf,USA_FL_Miami.Intl.AP.722020_TMY3,
AirflowNetwork_MultiZone_SmallOffice_GenericContam.idf,USA_IL_Chicago-OHare.Intl.AP.725300_TMY3,
AirflowNetwork_MultiZone_SmallOffice_HeatRecoveryHXSL.idf,USA_IL_Chicago-OHare.Intl.AP.725300_TMY3,
AirflowNetwork_MultiZone_SmallOffice_VAV.idf,USA_IL_Chicago-OHare.Intl.AP.725300_TMY3,
AirflowNetwork_Multizone_HorizontalOpening.idf,USA_IL_Chicago-OHare.Intl.AP.725300_TMY3,
AirflowNetwork_PressureControl.idf,USA_IL_Chicago-OHare.Intl.AP.725300_TMY3,
AirflowNetwork_Simple_House.idf,USA_IL_Chicago-OHare.Intl.AP.725300_TMY3,
AirflowNetwork_Simple_SmallOffice.idf,USA_IL_Chicago-OHare.Intl.AP.725300_TMY3,
AirflowWindowsAndBetweenGlassBlinds.idf,USA_IL_Chicago-OHare.Intl.AP.725300_TMY3,
AirflowWindowsAndBetweenGlassShades.idf,USA_IL_Chicago-OHare.Intl.AP.725300_TMY3,
ASHRAE9012016_ApartmentHighRise_Denver.idf,USA_IL_Chicago-OHare.Intl.AP.725300_TMY3,
ASHRAE9012016_ApartmentMidRise_Denver.idf,USA_IL_Chicago-OHare.Intl.AP.725300_TMY3,
ASHRAE9012016_Hospital_Denver.idf,USA_IL_Chicago-OHare.Intl.AP.725300_TMY3,
ASHRAE9012016_HotelLarge_Denver.idf,USA_IL_Chicago-OHare.Intl.AP.725300_TMY3,
ASHRAE9012016_HotelSmall_Denver.idf,USA_IL_Chicago-OHare.Intl.AP.725300_TMY3,
ASHRAE9012016_OfficeLarge_Denver.idf,USA_IL_Chicago-OHare.Intl.AP.725300_TMY3,
ASHRAE9012016_OfficeMedium_Denver.idf,USA_IL_Chicago-OHare.Intl.AP.725300_TMY3,
ASHRAE9012016_OfficeSmall_Denver.idf,USA_IL_Chicago-OHare.Intl.AP.725300_TMY3,
ASHRAE9012016_OutPatientHealthCare_Denver.idf,USA_IL_Chicago-OHare.Intl.AP.725300_TMY3,
ASHRAE9012016_RestaurantFastFood_Denver.idf,USA_IL_Chicago-OHare.Intl.AP.725300_TMY3,
ASHRAE9012016_RestaurantSitDown_Denver.idf,USA_IL_Chicago-OHare.Intl.AP.725300_TMY3,
ASHRAE9012016_RetailStandalone_Denver.idf,USA_IL_Chicago-OHare.Intl.AP.725300_TMY3,
ASHRAE9012016_RetailStripmall_Denver.idf,USA_IL_Chicago-OHare.Intl.AP.725300_TMY3,
ASHRAE9012016_SchoolPrimary_Denver.idf,USA_IL_Chicago-OHare.Intl.AP.725300_TMY3,
ASHRAE9012016_SchoolSecondary_Denver.idf,USA_IL_Chicago-OHare.Intl.AP.725300_TMY3,
ASHRAE9012016_Warehouse_Denver.idf,USA_IL_Chicago-OHare.Intl.AP.725300_TMY3,
BaseBoardElectric.idf,USA_IL_Chicago-OHare.Intl.AP.725300_TMY3,
CVRhMinHum.idf,USA_IL_Chicago-OHare.Intl.AP.725300_TMY3,
CentralChillerHeaterSystem_Cooling_Heating.idf,USA_IL_Chicago-OHare.Intl.AP.725300_TMY3,
CentralChillerHeaterSystem_Simultaneous_Cooling_Heating.idf,USA_IL_Chicago-OHare.Intl.AP.725300_TMY3,
ChangeoverBypassVAV.idf,USA_FL_Miami.Intl.AP.722020_TMY3,
ChangeoverBypassVAV_AirToAir.idf,USA_FL_Miami.Intl.AP.722020_TMY3,
ChangeoverBypassVAV_AirToAirHeatPump.idf,USA_FL_Miami.Intl.AP.722020_TMY3,
ChangeoverBypassVAV_MaxTemp.idf,USA_FL_Miami.Intl.AP.722020_TMY3,
CarrollMRT-RefBldgLargeOfficeNew2004_Chicago.idf,USA_IL_Chicago-OHare.Intl.AP.725300_TMY3,
ChillerPartLoadCurve_RefBldgLargeOfficeNew2004_Chicago.idf,USA_IL_Chicago-OHare.Intl.AP.725300_TMY3,
CmplxGlz_Daylighting_SouthVB45deg.idf,USA_IL_Chicago-OHare.Intl.AP.725300_TMY3,
CmplxGlz_Daylighting_SouthVerticalVB45deg.idf,USA_IL_Chicago-OHare.Intl.AP.725300_TMY3,
CmplxGlz_MeasuredDeflectionAndShading.idf,USA_IL_Chicago-OHare.Intl.AP.725300_TMY3,
CmplxGlz_SchedSurfGains.idf,USA_IL_Chicago-OHare.Intl.AP.725300_TMY3,
CmplxGlz_SingleZone_Deflection.idf,USA_IL_Chicago-OHare.Intl.AP.725300_TMY3,
CmplxGlz_SingleZone_DoubleClearAir.idf,USA_IL_Chicago-OHare.Intl.AP.725300_TMY3,
CmplxGlz_SingleZone_Vacuum.idf,USA_IL_Chicago-OHare.Intl.AP.725300_TMY3,
CmplxGlz_SmOff_IntExtShading.idf,USA_IL_Chicago-OHare.Intl.AP.725300_TMY3,
CoilWaterDesuperheating.idf,USA_FL_Miami.Intl.AP.722020_TMY3,
CommonPipe_Pri-Sec.idf,USA_IL_Chicago-OHare.Intl.AP.725300_TMY3,
CompSetPtControl.idf,USA_IL_Chicago-OHare.Intl.AP.725300_TMY3,
CondFD1ZonePurchAirAutoSizeWithPCM.idf,USA_IL_Chicago-OHare.Intl.AP.725300_TMY3,
ConstSpeedBranchPumpExercise.idf,USA_IL_Chicago-OHare.Intl.AP.725300_TMY3,
Convection.idf,USA_IL_Chicago-OHare.Intl.AP.725300_TMY3,
ConvectionAdaptiveSmallOffice.idf,USA_IL_Chicago-OHare.Intl.AP.725300_TMY3,
CoolingCoilFreezingPrevention.idf,USA_IL_Chicago-OHare.Intl.AP.725300_TMY3,
CoolingTower.idf,USA_IL_Chicago-OHare.Intl.AP.725300_TMY3,
CoolingTowerDryBulbRangeOp.idf,USA_IL_Chicago-OHare.Intl.AP.725300_TMY3,
CoolingTowerNomCap.idf,USA_IL_Chicago-OHare.Intl.AP.725300_TMY3,
CoolingTowerRHRangeOp.idf,USA_IL_Chicago-OHare.Intl.AP.725300_TMY3,
CoolingTowerWetBulbRangeOp.idf,USA_IL_Chicago-OHare.Intl.AP.725300_TMY3,
CoolingTowerWithDBDeltaTempOp.idf,USA_IL_Chicago-OHare.Intl.AP.725300_TMY3,
CoolingTowerWithWBDeltaTempOp.idf,USA_FL_Tampa.Intl.AP.722110_TMY3,
CoolingTower_FluidBypass.idf,USA_IL_Chicago-OHare.Intl.AP.725300_TMY3,
CoolingTower_MerkelVariableSpeed.idf,USA_IL_Chicago-OHare.Intl.AP.725300_TMY3,
CoolingTower_SingleSpeed_MultiCell.idf,USA_IL_Chicago-OHare.Intl.AP.725300_TMY3,
CoolingTower_TwoSpeed.idf,USA_IL_Chicago-OHare.Intl.AP.725300_TMY3,
CoolingTower_TwoSpeed_CondEntTempReset.idf,USA_IL_Chicago-OHare.Intl.AP.725300_TMY3,
CoolingTower_TwoSpeed_MultiCell.idf,USA_IL_Chicago-OHare.Intl.AP.725300_TMY3,
CoolingTower_VariableSpeed.idf,USA_IL_Chicago-OHare.Intl.AP.725300_TMY3,
CoolingTower_VariableSpeed_CondEntTempReset.idf,USA_IL_Chicago-OHare.Intl.AP.725300_TMY3,
CoolingTower_VariableSpeed_CondEntTempReset_MultipleTowers.idf,USA_IL_Chicago-OHare.Intl.AP.725300_TMY3,
CoolingTower_VariableSpeed_IdealCondEntTempSetpoint.idf,USA_IL_Chicago-OHare.Intl.AP.725300_TMY3,
CoolingTower_VariableSpeed_IdealCondEntTempSetpoint_MultipleTowers.idf,USA_IL_Chicago-OHare.Intl.AP.725300_TMY3,
CoolingTower_VariableSpeed_MultiCell.idf,USA_IL_Chicago-OHare.Intl.AP.725300_TMY3,
CooltowerSimpleTest.idf,USA_IL_Chicago-OHare.Intl.AP.725300_TMY3,
CooltowerSimpleTestwithVentilation.idf,USA_IL_Chicago-OHare.Intl.AP.725300_TMY3,
CrossVent_1Zone_AirflowNetwork.idf,USA_CA_San.Francisco.Intl.AP.724940_TMY3,
CrossVent_1Zone_AirflowNetwork_with2CrossflowJets.idf,USA_CA_San.Francisco.Intl.AP.724940_TMY3,
CustomSolarVisibleSpectrum_RefBldgSmallOfficeNew2004_Chicago.idf,USA_IL_Chicago-OHare.Intl.AP.725300_TMY3,
DDAutoSize.idf,USA_IL_Chicago-OHare.Intl.AP.725300_TMY3,
DElight-Detailed-Comparison.idf,USA_IL_Chicago-OHare.Intl.AP.725300_TMY3,
DElightCFSLightShelf.idf,USA_IL_Chicago-OHare.Intl.AP.725300_TMY3,
DElightCFSWindow.idf,USA_IL_Chicago-OHare.Intl.AP.725300_TMY3,
DOASDXCOIL_wADPBFMethod.idf,USA_FL_Miami.Intl.AP.722020_TMY3,
DOASDXCOIL_wADPBFMethod_NoReturnPath.idf,USA_FL_Miami.Intl.AP.722020_TMY3,
DOASDualDuctSchool.idf,USA_IL_Chicago-OHare.Intl.AP.725300_TMY3,
DOAToFanCoilInlet.idf,USA_IL_Chicago-OHare.Intl.AP.725300_TMY3,
DOAToFanCoilSupply.idf,USA_IL_Chicago-OHare.Intl.AP.725300_TMY3,
DOAToPTAC.idf,USA_FL_Miami.Intl.AP.722020_TMY3,
DOAToPTHP.idf,USA_FL_Miami.Intl.AP.722020_TMY3,
DOAToUnitVentilator.idf,USA_IL_Chicago-OHare.Intl.AP.725300_TMY3,
DOAToUnitarySystem.idf,USA_FL_Miami.Intl.AP.722020_TMY3,
DOAToVRF.idf,USA_FL_Miami.Intl.AP.722020_TMY3,
DOAToWaterToAirHPInlet.idf,USA_IL_Chicago-OHare.Intl.AP.725300_TMY3,
DOAToWaterToAirHPSupply.idf,USA_IL_Chicago-OHare.Intl.AP.725300_TMY3,
DXCoilSystemAuto.idf,USA_IL_Chicago-OHare.Intl.AP.725300_TMY3,
DaylightingDeviceShelf.idf,USA_IL_Chicago-OHare.Intl.AP.725300_TMY3,
DaylightingDeviceTubular.idf,USA_IL_Chicago-OHare.Intl.AP.725300_TMY3,
DesiccantCVRh.idf,USA_IL_Chicago-OHare.Intl.AP.725300_TMY3,
DesiccantCVRhZoneRHCtrl.idf,USA_IL_Chicago-OHare.Intl.AP.725300_TMY3,
DesiccantCVRhZoneRHCtrl_AddedAutosize.idf,USA_IL_Chicago-OHare.Intl.AP.725300_TMY3,
DesiccantDehumidifierWithAirToAirCoil.idf,USA_FL_Miami.Intl.AP.722020_TMY3,
DesiccantDehumidifierWithCompanionCoil.idf,USA_FL_Miami.Intl.AP.722020_TMY3,
DirectIndirectEvapCoolers.idf,USA_AZ_Phoenix-Sky.Harbor.Intl.AP.722780_TMY3,
DirectIndirectEvapCoolersVSAS.idf,USA_AZ_Phoenix-Sky.Harbor.Intl.AP.722780_TMY3,
DisplacementVent_1ZoneOffice.idf,USA_CA_San.Francisco.Intl.AP.724940_TMY3,
DisplacementVent_Nat_AirflowNetwork.idf,USA_CA_San.Francisco.Intl.AP.724940_TMY3,
DisplacementVent_Nat_AirflowNetwork_AdaptiveComfort.idf,USA_CA_San.Francisco.Intl.AP.724940_TMY3,
DisplacementVent_VAV.idf,USA_CA_San.Francisco.Intl.AP.724940_TMY3,
DualDuctConstVolDamper.idf,USA_IL_Chicago-OHare.Intl.AP.725300_TMY3,
DualDuctConstVolGasHC.idf,USA_IL_Chicago-OHare.Intl.AP.725300_TMY3,
DualDuctVarVolDamper.idf,USA_IL_Chicago-OHare.Intl.AP.725300_TMY3,
DualDuctWaterCoils.idf,USA_IL_Chicago-OHare.Intl.AP.725300_TMY3,
DynamicClothing.idf,USA_IL_Chicago-OHare.Intl.AP.725300_TMY3,
EMPD5ZoneWaterCooled_HighRHControl.idf,USA_IL_Chicago-OHare.Intl.AP.725300_TMY3,
EMSAirflowNetworkOpeningControlByHumidity.idf,USA_IL_Chicago-OHare.Intl.AP.725300_TMY3,
EMSConstantVolumePurchasedAir.idf,USA_IL_Chicago-OHare.Intl.AP.725300_TMY3,
EMSCurveOverride_PackagedTerminalHeatPump.idf,USA_FL_Miami.Intl.AP.722020_TMY3,
EMSCustomOutputVariable.idf,USA_IL_Chicago-OHare.Intl.AP.725300_TMY3,
EMSCustomSchedule.idf,USA_IL_Chicago-OHare.Intl.AP.725300_TMY3,
EMSDemandManager_LargeOffice.idf,USA_IL_Chicago-OHare.Intl.AP.725300_TMY3,
EMSDiscreteAirSystemSizes.idf,USA_IL_Chicago-OHare.Intl.AP.725300_TMY3,
EMSPlantLoopOverrideControl.idf,USA_FL_Orlando.Intl.AP.722050_TMY3,
EMSPlantOperation_largeOff.idf,USA_IL_Chicago-OHare.Intl.AP.725300_TMY3,
EMSReplaceTraditionalManagers_LargeOffice.idf,USA_IL_Chicago-OHare.Intl.AP.725300_TMY3,
EMSTestMathAndKill.idf,USA_IL_Chicago-OHare.Intl.AP.725300_TMY3,
EMSThermochromicWindow.idf,USA_NV_Las.Vegas-McCarran.Intl.AP.723860_TMY3,
EMSUserDefined5ZoneAirCooled.idf,USA_IL_Chicago-OHare.Intl.AP.725300_TMY3,
EMSUserDefinedWindACAuto.idf,USA_IL_Chicago-OHare.Intl.AP.725300_TMY3,
EMSWindowShadeControl.idf,USA_IL_Chicago-OHare.Intl.AP.725300_TMY3,
EarthTubeSimpleTest.idf,USA_IL_Chicago-OHare.Intl.AP.725300_TMY3,
EcoroofOrlando.idf,USA_FL_Orlando.Intl.AP.722050_TMY3,
ElectricChiller.idf,USA_IL_Chicago-OHare.Intl.AP.725300_TMY3,
ElectricEIRChiller.idf,USA_IL_Chicago-OHare.Intl.AP.725300_TMY3,
ElectricEIRChillerHeatRecoveryAuto.idf,USA_IL_Chicago-OHare.Intl.AP.725300_TMY3,
EngineChiller.idf,USA_IL_Chicago-OHare.Intl.AP.725300_TMY3,
EquivalentLayerWindow.idf,USA_IL_Chicago-OHare.Intl.AP.725300_TMY3,
EvaporativeFluidCooler.idf,USA_IL_Chicago-OHare.Intl.AP.725300_TMY3,
EvaporativeFluidCooler_TwoSpeed.idf,USA_IL_Chicago-OHare.Intl.AP.725300_TMY3,
ExhFiredAbsorptionChiller.idf,USA_IL_Chicago-OHare.Intl.AP.725300_TMY3,
ExteriorLightsAndEq.idf,USA_CO_Denver-Stapleton_TMY,
FanCoilAutoSize.idf,USA_IL_Chicago-OHare.Intl.AP.725300_TMY3,
FanCoilAutoSizeScalableSizing.idf,USA_IL_Chicago-OHare.Intl.AP.725300_TMY3,
FanCoilAutoSize_MultiSpeedFan.idf,USA_IL_Chicago-OHare.Intl.AP.725300_TMY3,
FanCoil_HybridVent_VentSch.idf,USA_IL_Chicago-OHare.Intl.AP.725300_TMY3,
Fault_ChillerSWTSensorOffset_RefBldgLargeOfficeNew2004.idf,USA_IL_Chicago-OHare.Intl.AP.725300_TMY3,
Fault_CoilSATSensorOffset.idf,USA_IL_Chicago-OHare.Intl.AP.725300_TMY3,
Fault_CondenserSWTSensorOffset.idf,USA_IL_Chicago-OHare.Intl.AP.725300_TMY3,
Fault_FoulingAirFilter_RefBldgMediumOfficeNew2004.idf,USA_IL_Chicago-OHare.Intl.AP.725300_TMY3,
Fault_FoulingChillerBoiler_RefBldgLargeOfficeNew2004.idf,USA_IL_Chicago-OHare.Intl.AP.725300_TMY3,
Fault_FoulingCoil.idf,USA_IL_Chicago-OHare.Intl.AP.725300_TMY3,
Fault_FoulingCoolingTower.idf,USA_IL_Chicago-OHare.Intl.AP.725300_TMY3,
Fault_FoulingEvapCooler_StripMallZoneEvapCooler.idf,USA_CO_Boulder-Broomfield-Jefferson.County.AP.724699_TMY3,
Fault_HumidistatOffset_Supermarket.idf,USA_FL_Miami.Intl.AP.722020_TMY3,
Fault_HumidistatOffset_ThermostatOffset_Supermarket.idf,USA_FL_Miami.Intl.AP.722020_TMY3,
Fault_ThermostatOffset_RefBldgMediumOfficeNew2004.idf,USA_IL_Chicago-OHare.Intl.AP.725300_TMY3,
Flr_Rf_8Sides.idf,USA_CO_Denver-Stapleton_TMY,
FluidCooler.idf,USA_IL_Chicago-OHare.Intl.AP.725300_TMY3,
FluidCoolerTwoSpeed.idf,USA_IL_Chicago-OHare.Intl.AP.725300_TMY3,
FourPipeBeamLargeOffice.idf,USA_IL_Chicago-OHare.Intl.AP.725300_TMY3,
FreeCoolingChiller.idf,USA_IL_Chicago-OHare.Intl.AP.725300_TMY3,
Furnace.idf,USA_IL_Chicago-OHare.Intl.AP.725300_TMY3,
FurnaceFuelOil.idf,USA_IL_Chicago-OHare.Intl.AP.725300_TMY3,
FurnacePLRHeatingCoil.idf,USA_IL_Chicago-OHare.Intl.AP.725300_TMY3,
FurnaceWithDXSystem.idf,USA_IL_Chicago-OHare.Intl.AP.725300_TMY3,
FurnaceWithDXSystemComfortControl.idf,USA_FL_Miami.Intl.AP.722020_TMY3,
FurnaceWithDXSystemRHcontrol.idf,USA_FL_Miami.Intl.AP.722020_TMY3,
FurnaceWithDXSystemRHcontrol_cyclingfan.idf,USA_FL_Miami.Intl.AP.722020_TMY3,
FurnaceWithDXSystem_CoolingHXAssisted.idf,USA_FL_Miami.Intl.AP.722020_TMY3,
GSHP-GLHE-CalcGFunctions.idf,USA_IL_Chicago-OHare.Intl.AP.725300_TMY3,
GSHP-GLHE.idf,USA_IL_Chicago-OHare.Intl.AP.725300_TMY3,
GSHP-Slinky.idf,USA_IL_Chicago-OHare.Intl.AP.725300_TMY3,
GSHPSimple-GLHE.idf,USA_IL_Chicago-OHare.Intl.AP.725300_TMY3,
GasTurbChiller.idf,USA_IL_Chicago-OHare.Intl.AP.725300_TMY3,
GasTurbChillerHeatRecoveryAuto.idf,USA_IL_Chicago-OHare.Intl.AP.725300_TMY3,
Generator_PVWatts.idf,USA_AZ_Phoenix-Sky.Harbor.Intl.AP.722780_TMY3,
Generators.idf,USA_IL_Chicago-OHare.Intl.AP.725300_TMY3,
Generators_Transformer.idf,USA_IL_Chicago-OHare.Intl.AP.725300_TMY3,
GeneratorswithPV.idf,USA_IL_Chicago-OHare.Intl.AP.725300_TMY3,
GeneratorwithWindTurbine.idf,USA_IL_Chicago-OHare.Intl.AP.725300_TMY3,
GeometryTest.idf,USA_CO_Colorado.Springs-Peterson.Field.724660_TMY3,
GroundTempOSCCompactSched.idf,USA_IL_Chicago-OHare.Intl.AP.725300_TMY3,
HPAirToAir_wSolarCollectorHWCoil.idf,USA_FL_Miami.Intl.AP.722020_TMY3,
HP_wICSSolarCollector.idf,USA_FL_Miami.Intl.AP.722020_TMY3,
HVACStandAloneERV_Economizer.idf,USA_IL_Chicago-OHare.Intl.AP.725300_TMY3,
HVACTemplate-5ZoneBaseboardHeat.idf,USA_IL_Chicago-OHare.Intl.AP.725300_TMY3,
HVACTemplate-5ZoneConstantVolumeChillerBoiler.idf,USA_IL_Chicago-OHare.Intl.AP.725300_TMY3,
HVACTemplate-5ZoneDualDuct.idf,USA_IL_Chicago-OHare.Intl.AP.725300_TMY3,
HVACTemplate-5ZoneFanCoil-DOAS.idf,USA_IL_Chicago-OHare.Intl.AP.725300_TMY3,
HVACTemplate-5ZoneFanCoil.idf,USA_IL_Chicago-OHare.Intl.AP.725300_TMY3,
HVACTemplate-5ZoneFurnaceDX.idf,USA_IL_Chicago-OHare.Intl.AP.725300_TMY3,
HVACTemplate-5ZonePTAC-DOAS.idf,USA_IL_Chicago-OHare.Intl.AP.725300_TMY3,
HVACTemplate-5ZonePTAC.idf,USA_IL_Chicago-OHare.Intl.AP.725300_TMY3,
HVACTemplate-5ZonePTHP.idf,USA_IL_Chicago-OHare.Intl.AP.725300_TMY3,
HVACTemplate-5ZonePackagedVAV.idf,USA_IL_Chicago-OHare.Intl.AP.725300_TMY3,
HVACTemplate-5ZonePurchAir.idf,USA_IL_Chicago-OHare.Intl.AP.725300_TMY3,
HVACTemplate-5ZoneUnitaryHeatPump.idf,USA_IL_Chicago-OHare.Intl.AP.725300_TMY3,
HVACTemplate-5ZoneUnitarySystem.idf,USA_IL_Chicago-OHare.Intl.AP.725300_TMY3,
HVACTemplate-5ZoneVAVFanPowered.idf,USA_IL_Chicago-OHare.Intl.AP.725300_TMY3,
HVACTemplate-5ZoneVAVWaterCooled-ObjectReference.idf,USA_IL_Chicago-OHare.Intl.AP.725300_TMY3,
HVACTemplate-5ZoneVAVWaterCooled.idf,USA_IL_Chicago-OHare.Intl.AP.725300_TMY3,
HVACTemplate-5ZoneVRF.idf,USA_IL_Chicago-OHare.Intl.AP.725300_TMY3,
HVACTemplate-5ZoneWaterToAirHeatPumpTowerBoiler.idf,USA_IL_Chicago-OHare.Intl.AP.725300_TMY3,
HeaderedPumpsConSpeed.idf,USA_IL_Chicago-OHare.Intl.AP.725300_TMY3,
HeaderedPumpsVarSpeed.idf,USA_IL_Chicago-OHare.Intl.AP.725300_TMY3,
HeatPump.idf,USA_IL_Chicago-OHare.Intl.AP.725300_TMY3,
HeatPumpAirToAirWithRHcontrol.idf,USA_FL_Miami.Intl.AP.722020_TMY3,
HeatPumpAuto.idf,USA_IL_Chicago-OHare.Intl.AP.725300_TMY3,
HeatPumpCycFanWithEcono.idf,USA_IL_Chicago-OHare.Intl.AP.725300_TMY3,
HeatPumpIAQP_DCV.idf,USA_IL_Chicago-OHare.Intl.AP.725300_TMY3,
HeatPumpIAQP_GenericContamControl.idf,USA_IL_Chicago-OHare.Intl.AP.725300_TMY3,
HeatPumpProportionalControl_DCV.idf,USA_IL_Chicago-OHare.Intl.AP.725300_TMY3,
HeatPumpProportionalControl_DCVDesignRate.idf,USA_IL_Chicago-OHare.Intl.AP.725300_TMY3,
HeatPumpSecondaryCoil.idf,USA_IL_Chicago-OHare.Intl.AP.725300_TMY3,
HeatPumpSimpleDCV.idf,USA_IL_Chicago-OHare.Intl.AP.725300_TMY3,
HeatPumpVRP_DCV.idf,USA_IL_Chicago-OHare.Intl.AP.725300_TMY3,
HeatPumpVSAS.idf,USA_IL_Chicago-OHare.Intl.AP.725300_TMY3,
HeatPumpWaterHeater.idf,USA_FL_Miami.Intl.AP.722020_TMY3,
HeatPumpWaterHeaterStratified.idf,USA_FL_Miami.Intl.AP.722020_TMY3,
HeatPumpWaterToAir.idf,USA_IL_Chicago-OHare.Intl.AP.725300_TMY3,
HeatPumpWaterToAirEquationFit.idf,USA_IL_Chicago-OHare.Intl.AP.725300_TMY3,
HeatPumpWaterToAirWithAntifreezeAndLatentModel.idf,USA_IL_Chicago-OHare.Intl.AP.725300_TMY3,
HeatPumpWaterToAirWithAntifreezeAndLatentModel2.idf,USA_IL_Chicago-OHare.Intl.AP.725300_TMY3,
HeatPumpWaterToAirWithRHControl.idf,USA_FL_Miami.Intl.AP.722020_TMY3,
HeatPumpWaterToAirEquationFit_WaterHeatingDesuperheater_StratifiedTank.idf,USA_FL_Miami.Intl.AP.722020_TMY3,
HeatPumpwithBiquadraticCurves.idf,USA_IL_Chicago-OHare.Intl.AP.725300_TMY3,
HeatRecoveryElectricChiller.idf,USA_IL_Chicago-OHare.Intl.AP.725300_TMY3,
HeatRecoveryPlantLoop.idf,USA_IL_Chicago-OHare.Intl.AP.725300_TMY3,
HeatRecoveryPlantLoopAuto.idf,USA_IL_Chicago-OHare.Intl.AP.725300_TMY3,
HeatRecoverywithStorageTank.idf,USA_IL_Chicago-OHare.Intl.AP.725300_TMY3,
HospitalBaseline.idf,USA_IL_Chicago-OHare.Intl.AP.725300_TMY3,
HospitalBaselineReheatReportEMS.idf,USA_IL_Chicago-OHare.Intl.AP.725300_TMY3,
HospitalLowEnergy.idf,USA_IL_Chicago-OHare.Intl.AP.725300_TMY3,
House-2FurnaceAC-SequentialLoad.idf,USA_IL_Chicago-OHare.Intl.AP.725300_TMY3,
House-2FurnaceAC-SequentialUniformPLR.idf,USA_IL_Chicago-OHare.Intl.AP.725300_TMY3,
House-2FurnaceAC-UniformLoad.idf,USA_IL_Chicago-OHare.Intl.AP.725300_TMY3,
House-2FurnaceAC-UniformPLR.idf,USA_IL_Chicago-OHare.Intl.AP.725300_TMY3,
HybridVentilationControl.idf,USA_IL_Chicago-OHare.Intl.AP.725300_TMY3,
HybridVentilationControlGlobalSimple.idf,USA_IL_Chicago-OHare.Intl.AP.725300_TMY3,
HybridZoneModel.idf,USA_IL_Chicago-OHare.Intl.AP.725300_TMY3,
IceStorage-Parallel.idf,USA_IL_Chicago-OHare.Intl.AP.725300_TMY3,
IceStorage-Series-ChillerDownstream.idf,USA_IL_Chicago-OHare.Intl.AP.725300_TMY3,
IceStorage-Series-ChillerUpstream.idf,USA_IL_Chicago-OHare.Intl.AP.725300_TMY3,
IndEvapCoolerRTUoffice.idf,USA_AZ_Phoenix-Sky.Harbor.Intl.AP.722780_TMY3,
IndirectAbsorptionChiller.idf,USA_FL_Miami.Intl.AP.722020_TMY3,
LBuilding-G000.idf,USA_IL_Chicago-OHare.Intl.AP.725300_TMY3,
LBuilding-G090.idf,USA_IL_Chicago-OHare.Intl.AP.725300_TMY3,
LBuilding-G180.idf,USA_IL_Chicago-OHare.Intl.AP.725300_TMY3,
LBuilding-G270.idf,USA_IL_Chicago-OHare.Intl.AP.725300_TMY3,
LBuildingAppGRotPar.idf,USA_IL_Chicago-OHare.Intl.AP.725300_TMY3,
LgOffVAV.idf,USA_IL_Chicago-OHare.Intl.AP.725300_TMY3,
LgOffVAVusingBasement.idf,USA_IL_Chicago-OHare.Intl.AP.725300_TMY3,
LookupTables.idf,USA_FL_Miami.Intl.AP.722020_TMY3,
LrgOff_GridStorageDemandLeveling.idf,USA_IL_Chicago-OHare.Intl.AP.725300_TMY3,
LrgOff_GridStorageEMSSmoothing.idf,USA_IL_Chicago-OHare.Intl.AP.725300_TMY3,
LrgOff_GridStorageScheduled.idf,USA_IL_Chicago-OHare.Intl.AP.725300_TMY3,
MicroCogeneration.idf,USA_NJ_Newark.Intl.AP.725020_TMY3,
Minimal.idf,USA_CO_Denver-Stapleton_TMY,
MovableExtInsulationSimple.idf,USA_CO_Denver-Stapleton_TMY,
MovableIntInsulationLights.idf,USA_CO_Denver-Stapleton_TMY,
MovableIntInsulationLightsLowE.idf,USA_CO_Denver-Stapleton_TMY,
MovableIntInsulationSimple.idf,USA_CO_Denver-Stapleton_TMY,
MultiSpeedACFurnace.idf,USA_IL_Chicago-OHare.Intl.AP.725300_TMY3,
MultiSpeedHP_StagedThermostat.idf,USA_IL_Chicago-OHare.Intl.AP.725300_TMY3,
MultiSpeedHeatPump_DirectSolution.idf,USA_IL_Chicago-OHare.Intl.AP.725300_TMY3,
MultiSpeedHeatPump_MultiSolvers.idf,USA_IL_Chicago-OHare.Intl.AP.725300_TMY3,
MultiStory.idf,USA_IL_Chicago-OHare.Intl.AP.725300_TMY3,
MultispeedHeatPump.idf,USA_IL_Chicago-OHare.Intl.AP.725300_TMY3,
Mundt_System_Always_On.idf,USA_FL_Tampa.Intl.AP.722110_TMY3,
Mundt_System_On_During_the_Day.idf,USA_FL_Tampa.Intl.AP.722110_TMY3,
OptimalStart_RefBldgLargeOfficeNew2004_Chicago.idf,USA_IL_Chicago-OHare.Intl.AP.725300_TMY3,
OutdoorAirUnit.idf,USA_IL_Chicago-OHare.Intl.AP.725300_TMY3,
OutdoorAirUnitwithAirloopHVAC.idf,USA_IL_Chicago-OHare.Intl.AP.725300_TMY3,
PIUAuto.idf,USA_IL_Chicago-OHare.Intl.AP.725300_TMY3,
PackagedTerminalAirConditioner.idf,USA_FL_Miami.Intl.AP.722020_TMY3,
PackagedTerminalAirConditionerVSAS.idf,USA_FL_Miami.Intl.AP.722020_TMY3,
PackagedTerminalHeatPump.idf,USA_FL_Miami.Intl.AP.722020_TMY3,
PackagedTerminalHeatPumpVSAS.idf,USA_FL_Miami.Intl.AP.722020_TMY3,
ParametricInsulation-5ZoneAirCooled.idf,USA_IL_Chicago-OHare.Intl.AP.725300_TMY3,
PassiveTrombeWall.idf,USA_IL_Chicago-OHare.Intl.AP.725300_TMY3,
PipeHeatTransfer_Outair.idf,USA_IL_Chicago-OHare.Intl.AP.725300_TMY3,
PipeHeatTransfer_Schedule.idf,USA_IL_Chicago-OHare.Intl.AP.725300_TMY3,
PipeHeatTransfer_Underground.idf,USA_IL_Chicago-OHare.Intl.AP.725300_TMY3,
PipeHeatTransfer_Zone.idf,USA_IL_Chicago-OHare.Intl.AP.725300_TMY3,
PipingSystem_Underground_FHX.idf,USA_CO_Denver-Stapleton_TMY,
PipingSystem_Underground_TwoPipe.idf,USA_CO_Denver-Stapleton_TMY,
PipingSystem_Underground_TwoPipe_FD_GroundTemps.idf,USA_CO_Denver-Stapleton_TMY,
PipingSystem_Underground_TwoPipe_Xing_GroundTemps.idf,USA_CO_Denver-Stapleton_TMY,
PlantApplicationsGuide_Example1.idf,USA_IL_Chicago-OHare.Intl.AP.725300_TMY3,
PlantApplicationsGuide_Example2.idf,USA_IL_Chicago-OHare.Intl.AP.725300_TMY3,
PlantApplicationsGuide_Example3.idf,USA_IL_Chicago-OHare.Intl.AP.725300_TMY3,
PlantComponentTemperatureSource.idf,USA_IL_Chicago-OHare.Intl.AP.725300_TMY3,
PlantHorizontalGroundHX.idf,USA_CO_Denver-Stapleton_TMY,
PlantLoadProfile.idf,USA_IL_Chicago-OHare.Intl.AP.725300_TMY3,
PlantLoadProfileCoolingReturnReset.idf,USA_IL_Chicago-OHare.Intl.AP.725300_TMY3,
PlantLoadProfileCoolingReturnResetLookup.idf,USA_IL_Chicago-OHare.Intl.AP.725300_TMY3,
PlantLoadProfile_AutosizedDistrictHeating.idf,USA_IL_Chicago-OHare.Intl.AP.725300_TMY3,
PlantLoopChainCooling.idf,USA_IL_Chicago-OHare.Intl.AP.725300_TMY3,
PlantLoopChainDeadband.idf,USA_IL_Chicago-OHare.Intl.AP.725300_TMY3,
PlantLoopChainDualDeadband.idf,USA_IL_Chicago-OHare.Intl.AP.725300_TMY3,
PlantLoopChainHeating.idf,USA_IL_Chicago-OHare.Intl.AP.725300_TMY3,
PlantLoopHeatPump_EIR_AirSource.idf,USA_IL_Chicago-OHare.Intl.AP.725300_TMY3,
PlantLoopHeatPump_EIR_WaterSource.idf,USA_IL_Chicago-OHare.Intl.AP.725300_TMY3,
PlantPressureDrop.idf,USA_IL_Chicago-OHare.Intl.AP.725300_TMY3,
PlantPressure_PumpCurve.idf,USA_IL_Chicago-OHare.Intl.AP.725300_TMY3,
PlantPressure_VFD_Scheduled.idf,USA_IL_Chicago-OHare.Intl.AP.725300_TMY3,
PlateHeatExchanger.idf,USA_FL_Tampa.Intl.AP.722110_TMY3,
Plenum.idf,USA_IL_Chicago-OHare.Intl.AP.725300_TMY3,
PlenumwithRetAirHeatGain.idf,USA_IL_Chicago-OHare.Intl.AP.725300_TMY3,
PondGroundHeatExchanger.idf,USA_AZ_Phoenix-Sky.Harbor.Intl.AP.722780_TMY3,
PurchAirTables.idf,USA_IL_Chicago-OHare.Intl.AP.725300_TMY3,
PurchAirTables_SQL.idf,USA_IL_Chicago-OHare.Intl.AP.725300_TMY3,
PurchAirTables_wAnnual.idf,USA_IL_Chicago-OHare.Intl.AP.725300_TMY3,
PurchAirWindowBlind.idf,USA_IL_Chicago-OHare.Intl.AP.725300_TMY3,
PurchAirWindowBlind_BlockBeamSolar.idf,USA_IL_Chicago-OHare.Intl.AP.725300_TMY3,
PurchAirWithDaylighting.idf,USA_IL_Chicago-OHare.Intl.AP.725300_TMY3,
PurchAirWithDaylightingAndShadeControl.idf,USA_IL_Chicago-OHare.Intl.AP.725300_TMY3,
PurchAirWithDaylightingAngleFac.idf,USA_IL_Chicago-OHare.Intl.AP.725300_TMY3,
PurchAirWithDoubleFacadeDaylighting.idf,USA_IL_Chicago-OHare.Intl.AP.725300_TMY3,
PythonPluginAirflowNetworkOpeningControlByHumidity.idf,USA_IL_Chicago-OHare.Intl.AP.725300_TMY3,
PythonPluginConstantVolumePurchasedAir.idf,USA_IL_Chicago-OHare.Intl.AP.725300_TMY3,
PythonPluginCurveOverride_PackagedTerminalHeatPump.idf,USA_IL_Chicago-OHare.Intl.AP.725300_TMY3,
PythonPluginCustomOutputVariable.idf,USA_IL_Chicago-OHare.Intl.AP.725300_TMY3,
PythonPluginCustomSchedule.idf,USA_IL_Chicago-OHare.Intl.AP.725300_TMY3,
PythonPluginCustomTrendVariable.idf,USA_IL_Chicago-OHare.Intl.AP.725300_TMY3,
PythonPluginDemandManager_LargeOffice.idf,USA_IL_Chicago-OHare.Intl.AP.725300_TMY3,
PythonPluginDiscreteAirSystemSizes.idf,USA_IL_Chicago-OHare.Intl.AP.725300_TMY3,
PythonPluginLrgOff_GridStorageSmoothing.idf,USA_IL_Chicago-OHare.Intl.AP.725300_TMY3,
PythonPluginPlantLoopOverrideControl.idf,USA_IL_Chicago-OHare.Intl.AP.725300_TMY3,
PythonPluginPlantOperation_largeOff.idf,USA_IL_Chicago-OHare.Intl.AP.725300_TMY3,
PythonPluginReplaceTraditionalManagers_LargeOffice.idf,USA_IL_Chicago-OHare.Intl.AP.725300_TMY3,
PythonPluginTestMathAndKill.idf,USA_IL_Chicago-OHare.Intl.AP.725300_TMY3,
PythonPluginThermochromicWindow.idf,USA_IL_Chicago-OHare.Intl.AP.725300_TMY3,
PythonPluginUserDefined5ZoneAirCooled.idf,USA_IL_Chicago-OHare.Intl.AP.725300_TMY3,
PythonPluginUserDefinedWindACAuto.idf,USA_IL_Chicago-OHare.Intl.AP.725300_TMY3,
PythonPluginWindowShadeControl.idf,USA_IL_Chicago-OHare.Intl.AP.725300_TMY3,
QTFtest.idf,USA_CO_Denver-Stapleton_TMY,,USA_IL_Chicago-OHare.Intl.AP.725300_TMY3,
RadHiTempElecTermReheat.idf,USA_IL_Chicago-OHare.Intl.AP.725300_TMY3,
RadHiTempGasCtrlOpt.idf,USA_IL_Chicago-OHare.Intl.AP.725300_TMY3,
RadHiTempGasTermReheat.idf,USA_IL_Chicago-OHare.Intl.AP.725300_TMY3,
RadLoHydrHeatCoolAuto.idf,USA_IL_Chicago-OHare.Intl.AP.725300_TMY3,
RadLoHydrHeatCoolAutoCondFD.idf,USA_IL_Chicago-OHare.Intl.AP.725300_TMY3,
RadLoTempCFloHeatCool.idf,USA_IL_Chicago-OHare.Intl.AP.725300_TMY3,
RadLoTempCFloHeatCoolCondFD.idf,USA_IL_Chicago-OHare.Intl.AP.725300_TMY3,
RadLoTempCFloHeatCool_AddedAutosizing.idf,USA_IL_Chicago-OHare.Intl.AP.725300_TMY3,
RadLoTempCFloTermReheat.idf,USA_IL_Chicago-OHare.Intl.AP.725300_TMY3,
RadLoTempElecTermReheat.idf,USA_IL_Chicago-OHare.Intl.AP.725300_TMY3,
RadLoTempElecTermReheatCondFD.idf,USA_IL_Chicago-OHare.Intl.AP.725300_TMY3,
RadLoTempHydrCoolTower.idf,USA_IL_Chicago-OHare.Intl.AP.725300_TMY3,
RadLoTempHydrCoolTowerCondFD.idf,USA_IL_Chicago-OHare.Intl.AP.725300_TMY3,
RadLoTempHydrCtrlOpt.idf,USA_IL_Chicago-OHare.Intl.AP.725300_TMY3,
RadLoTempHydrCtrlOpt2.idf,USA_IL_Chicago-OHare.Intl.AP.725300_TMY3,
RadLoTempHydrHeatCool.idf,USA_IL_Chicago-OHare.Intl.AP.725300_TMY3,
RadLoTempHydrHeatCool2D.idf,USA_IL_Chicago-OHare.Intl.AP.725300_TMY3,
RadLoTempHydrHeatCoolDry.idf,USA_IL_Chicago-OHare.Intl.AP.725300_TMY3,
RadLoTempHydrHeatCoolDryCondFD.idf,USA_IL_Chicago-OHare.Intl.AP.725300_TMY3,
RadLoTempHydrInterMulti.idf,USA_IL_Chicago-OHare.Intl.AP.725300_TMY3,
RadLoTempHydrMulti10.idf,USA_IL_Chicago-OHare.Intl.AP.725300_TMY3,
RadLoTempHydrTermReheat.idf,USA_IL_Chicago-OHare.Intl.AP.725300_TMY3,
RefBldgFullServiceRestaurantNew2004_Chicago.idf,USA_IL_Chicago-OHare.Intl.AP.725300_TMY3,
RefBldgHospitalNew2004_Chicago.idf,USA_IL_Chicago-OHare.Intl.AP.725300_TMY3,
RefBldgLargeHotelNew2004_Chicago.idf,USA_IL_Chicago-OHare.Intl.AP.725300_TMY3,
RefBldgLargeOfficeNew2004_Chicago-ReturnReset.idf,USA_IL_Chicago-OHare.Intl.AP.725300_TMY3,
RefBldgLargeOfficeNew2004_Chicago.idf,USA_IL_Chicago-OHare.Intl.AP.725300_TMY3,
RefBldgMediumOfficeNew2004_Chicago.idf,USA_IL_Chicago-OHare.Intl.AP.725300_TMY3,
RefBldgMidriseApartmentNew2004_Chicago.idf,USA_IL_Chicago-OHare.Intl.AP.725300_TMY3,
RefBldgOutPatientNew2004_Chicago.idf,USA_IL_Chicago-OHare.Intl.AP.725300_TMY3,
RefBldgPrimarySchoolNew2004_Chicago.idf,USA_IL_Chicago-OHare.Intl.AP.725300_TMY3,
RefBldgQuickServiceRestaurantNew2004_Chicago.idf,USA_IL_Chicago-OHare.Intl.AP.725300_TMY3,
RefBldgSecondarySchoolNew2004_Chicago.idf,USA_IL_Chicago-OHare.Intl.AP.725300_TMY3,
RefBldgSmallHotelNew2004_Chicago.idf,USA_IL_Chicago-OHare.Intl.AP.725300_TMY3,
RefBldgSmallOfficeNew2004_Chicago.idf,USA_IL_Chicago-OHare.Intl.AP.725300_TMY3,
RefBldgStand-aloneRetailNew2004_Chicago.idf,USA_IL_Chicago-OHare.Intl.AP.725300_TMY3,
RefBldgStripMallNew2004_Chicago.idf,USA_IL_Chicago-OHare.Intl.AP.725300_TMY3,
RefBldgSuperMarketNew2004_Chicago.idf,USA_IL_Chicago-OHare.Intl.AP.725300_TMY3,
RefBldgWarehouseNew2004_Chicago.idf,USA_IL_Chicago-OHare.Intl.AP.725300_TMY3,
RefMedOffVAVAllDefVRP.idf,USA_IL_Chicago-OHare.Intl.AP.725300_TMY3,
ReflectiveAdjacentBuilding.idf,USA_IL_Chicago-OHare.Intl.AP.725300_TMY3,
RefrigeratedWarehouse.idf,USA_IL_Chicago-OHare.Intl.AP.725300_TMY3,
ReliefIndEvapCoolerRTUoffice.idf,USA_AZ_Phoenix-Sky.Harbor.Intl.AP.722780_TMY3,
ReportDaylightFactors.idf,USA_IL_Chicago-OHare.Intl.AP.725300_TMY3,
RetailPackagedTESCoil.idf,USA_IL_Chicago-OHare.Intl.AP.725300_TMY3,
RoomAirflowNetwork.idf,USA_IL_Chicago-OHare.Intl.AP.725300_TMY3,
SeriesActiveBranch.idf,USA_IL_Chicago-OHare.Intl.AP.725300_TMY3,
ShopWithPVandBattery.idf,USA_OK_Oklahoma.City-Will.Rogers.World.AP.723530_TMY3,
ShopWithPVandStorage.idf,USA_OK_Oklahoma.City-Will.Rogers.World.AP.723530_TMY3,
ShopWithSimplePVT.idf,USA_OK_Oklahoma.City-Will.Rogers.World.AP.723530_TMY3,
SingleFamilyHouse_TwoSpeed_CutoutTemperature.idf,USA_IL_Chicago-OHare.Intl.AP.725300_TMY3,
SingleFamilyHouse_TwoSpeed_ZoneAirBalance.idf,USA_IL_Chicago-OHare.Intl.AP.725300_TMY3,
SmOffPSZ-MultiModeDX.idf,USA_IL_Chicago-OHare.Intl.AP.725300_TMY3,
SmOffPSZ.idf,USA_IL_Chicago-OHare.Intl.AP.725300_TMY3,
SmOffPSZ_OnOffStagedControl.idf,USA_IL_Chicago-OHare.Intl.AP.725300_TMY3,
SolarCollectorFlatPlateWater.idf,USA_IL_Chicago-OHare.Intl.AP.725300_TMY3,
SolarShadingTest.idf,USA_AZ_Phoenix-Sky.Harbor.Intl.AP.722780_TMY3,
SolarShadingTest_DisableSelfShading.idf,USA_AZ_Phoenix-Sky.Harbor.Intl.AP.722780_TMY3,
SolarShadingTest_DisableSelfShadingGroup.idf,USA_AZ_Phoenix-Sky.Harbor.Intl.AP.722780_TMY3,
SolarShadingTest_ExternalFraction.idf,USA_AZ_Phoenix-Sky.Harbor.Intl.AP.722780_TMY3,
SolarShadingTest_ImportedShading.idf,USA_AZ_Phoenix-Sky.Harbor.Intl.AP.722780_TMY3,
SolarShadingTest_SQL.idf,USA_AZ_Phoenix-Sky.Harbor.Intl.AP.722780_TMY3,
SpectralAngularOpticalProperties_TableData.idf,USA_IL_Chicago-OHare.Intl.AP.725300_TMY3,
StackedZonesWithInterzoneIRTLayers.idf,USA_IL_Chicago-OHare.Intl.AP.725300_TMY3,
SteamSystemAutoSize.idf,USA_IL_Chicago-OHare.Intl.AP.725300_TMY3,
StormWindow.idf,USA_IL_Chicago-OHare.Intl.AP.725300_TMY3,
StripMallZoneEvapCooler.idf,USA_CO_Boulder-Broomfield-Jefferson.County.AP.724699_TMY3,
StripMallZoneEvapCoolerAutosized.idf,USA_CO_Boulder-Broomfield-Jefferson.County.AP.724699_TMY3,
SuperMarketDetailed_DesuperHeatingCoil.idf,USA_FL_Miami.Intl.AP.722020_TMY3,
SuperMarket_DesuperHeatingCoil.idf,USA_FL_Miami.Intl.AP.722020_TMY3,
SuperMarket_DetailedEvapCondenser.idf,USA_AZ_Phoenix-Sky.Harbor.Intl.AP.722780_TMY3,
SuperMarket_DetailedWaterCondenser.idf,USA_IL_Chicago-OHare.Intl.AP.725300_TMY3,
SuperMarket_EvapCondenser.idf,USA_AZ_Phoenix-Sky.Harbor.Intl.AP.722780_TMY3,
SuperMarket_SharedEvapCondenser.idf,USA_AZ_Phoenix-Sky.Harbor.Intl.AP.722780_TMY3,
SuperMarket_WaterCondenser.idf,USA_IL_Chicago-OHare.Intl.AP.725300_TMY3,
Supermarket.idf,USA_FL_Miami.Intl.AP.722020_TMY3,
SupermarketSecondary.idf,USA_FL_Miami.Intl.AP.722020_TMY3,
SupermarketSubCoolersVariableSuction.idf,USA_FL_Miami.Intl.AP.722020_TMY3,
SupermarketTranscriticalCO2.idf,USA_FL_Miami.Intl.AP.722020_TMY3,
SupermarketTwoStageFlashIntercooler.idf,USA_FL_Miami.Intl.AP.722020_TMY3,
SupermarketTwoStageShellCoilIntercooler.idf,USA_FL_Miami.Intl.AP.722020_TMY3,
Supermarket_CascadeCond.idf,USA_FL_Miami.Intl.AP.722020_TMY3,
Supermarket_Detailed.idf,USA_FL_Miami.Intl.AP.722020_TMY3,
Supermarket_SharedAirCondenser.idf,USA_FL_Miami.Intl.AP.722020_TMY3,
SupplyPlenumVAV.idf,USA_IL_Chicago-OHare.Intl.AP.725300_TMY3,
SurfaceGroundHeatExchanger.idf,USA_IL_Chicago-OHare.Intl.AP.725300_TMY3,
SurfaceHeatSourceTerm_RefBldgSmallOfficeNew2004.idf,USA_IL_Chicago-OHare.Intl.AP.725300_TMY3,
SurfacePropTest_SurfLWR.idf,USA_AZ_Phoenix-Sky.Harbor.Intl.AP.722780_TMY3,
SurfaceTest.idf,USA_AZ_Phoenix-Sky.Harbor.Intl.AP.722780_TMY3,
SurfaceZonePropTest_LocalEnv.idf,USA_AZ_Phoenix-Sky.Harbor.Intl.AP.722780_TMY3,
TRHConstFlowChillerOneBranch.idf,USA_IL_Chicago-OHare.Intl.AP.725300_TMY3,
TRHEvapCoolerOAStaged.idf,USA_AZ_Phoenix-Sky.Harbor.Intl.AP.722780_TMY3,
TRHEvapCoolerOAStagedWetCoil.idf,USA_AZ_Phoenix-Sky.Harbor.Intl.AP.722780_TMY3,
TermRHDXSystem.idf,USA_IL_Chicago-OHare.Intl.AP.725300_TMY3,
TermRHGasElecCoils.idf,USA_IL_Chicago-OHare.Intl.AP.725300_TMY3,
TermReheat.idf,USA_IL_Chicago-OHare.Intl.AP.725300_TMY3,
TermReheatPri-SecLoop.idf,USA_IL_Chicago-OHare.Intl.AP.725300_TMY3,
TermReheatScheduledPump.idf,USA_IL_Chicago-OHare.Intl.AP.725300_TMY3,
TermReheatSurfTC.idf,USA_IL_Chicago-OHare.Intl.AP.725300_TMY3,
TermReheatZoneExh.idf,USA_IL_Chicago-OHare.Intl.AP.725300_TMY3,
TermRhDualSetpointWithDB.idf,USA_IL_Chicago-OHare.Intl.AP.725300_TMY3,
TermRhGenericOAHeatRecMinExh.idf,USA_IL_Chicago-OHare.Intl.AP.725300_TMY3,
TermRhGenericOAHeatRecPreheat.idf,USA_IL_Chicago-OHare.Intl.AP.725300_TMY3,
TermRhSingleHeatCoolNoDB.idf,USA_IL_Chicago-OHare.Intl.AP.725300_TMY3,
ThermalChimneyTest.idf,USA_IL_Chicago-OHare.Intl.AP.725300_TMY3,
ThermochromicWindow.idf,USA_NV_Las.Vegas-McCarran.Intl.AP.723860_TMY3,
TransparentInsulationSimple.idf,USA_IL_Chicago-OHare.Intl.AP.725300_TMY3,
TranspiredCollectors.idf,USA_CO_Boulder-Broomfield-Jefferson.County.AP.724699_TMY3,
TwoWayCommonPipe_Pri-Sec.idf,USA_IL_Chicago-OHare.Intl.AP.725300_TMY3,
UnitHeater.idf,USA_IL_Chicago-OHare.Intl.AP.725300_TMY3,
UnitHeaterAuto.idf,USA_IL_Chicago-OHare.Intl.AP.725300_TMY3,
UnitHeaterGasElec.idf,USA_IL_Chicago-OHare.Intl.AP.725300_TMY3,
UnitVent5Zone.idf,USA_IL_Chicago-OHare.Intl.AP.725300_TMY3,
UnitVent5ZoneAuto.idf,USA_IL_Chicago-OHare.Intl.AP.725300_TMY3,
UnitVent5ZoneFixedOANoCoilOpt.idf,USA_IL_Chicago-OHare.Intl.AP.725300_TMY3,
UnitaryHybridAC_DedicatedOutsideAir.idf,USA_CO_Denver-Stapleton_TMY,
UnitarySystem_5ZoneWaterLoopHeatPump.idf,USA_IL_Chicago-OHare.Intl.AP.725300_TMY3,
UnitarySystem_DXCoilSystemAuto.idf,USA_IL_Chicago-OHare.Intl.AP.725300_TMY3,
UnitarySystem_FurnaceWithDXSystemRHcontrol.idf,USA_FL_Miami.Intl.AP.722020_TMY3,
UnitarySystem_HeatPumpAuto.idf,USA_IL_Chicago-OHare.Intl.AP.725300_TMY3,
UnitarySystem_MultiSpeedCoils_SingleMode.idf,USA_IL_Chicago-OHare.Intl.AP.725300_TMY3,
UnitarySystem_VSHeatPumpWaterToAirEquationFit.idf,USA_IL_Chicago-OHare.Intl.AP.725300_TMY3,
UnitarySystem_WaterCoils_wMultiSpeedFan.idf,USA_IL_Chicago-OHare.Intl.AP.725300_TMY3,
UnitarySystem_MultiSpeedDX.idf,USA_IL_Chicago-OHare.Intl.AP.725300_TMY3,
UnitarySystem_SingleSpeedDX.idf,USA_IL_Chicago-OHare.Intl.AP.725300_TMY3,
UnitarySystem_TwoSpeedDX.idf,USA_IL_Chicago-OHare.Intl.AP.725300_TMY3,
UnitarySystem_TwoStageDX.idf,USA_IL_Chicago-OHare.Intl.AP.725300_TMY3,
UnitarySystem_TwoStageDXWithHumidityControl.idf,USA_IL_Chicago-OHare.Intl.AP.725300_TMY3,
UnitarySystem_VSCoolingCoil.idf,USA_IL_Chicago-OHare.Intl.AP.725300_TMY3,
UserDefinedRoomAirPatterns.idf,USA_IL_Chicago-OHare.Intl.AP.725300_TMY3,
UserInputViewFactorFile-LshapedZone.idf,USA_IL_Chicago-OHare.Intl.AP.725300_TMY3,
VariableRefrigerantFlow_FluidTCtrl_wSuppHeater_5Zone.idf,USA_IL_Chicago-OHare.Intl.AP.725300_TMY3,
VariableRefrigerantFlow_wSuppHeater_5Zone.idf,USA_IL_Chicago-OHare.Intl.AP.725300_TMY3,
VAVSingleDuctConstFlowBoiler.idf,USA_IL_Chicago-OHare.Intl.AP.725300_TMY3,
VAVSingleDuctReheat.idf,USA_IL_Chicago-OHare.Intl.AP.725300_TMY3,
VAVSingleDuctReheatBaseboard.idf,USA_IL_Chicago-OHare.Intl.AP.725300_TMY3,
VAVSingleDuctReheatNoReheat.idf,USA_IL_Chicago-OHare.Intl.AP.725300_TMY3,
VAVSingleDuctReheat_DualMax.idf,USA_IL_Chicago-OHare.Intl.AP.725300_TMY3,
VAVSingleDuctReheat_MaxSAT_ReverseActing.idf,USA_IL_Chicago-OHare.Intl.AP.725300_TMY3,
VAVSingleDuctVarFlowBoiler.idf,USA_IL_Chicago-OHare.Intl.AP.725300_TMY3,
VSDXCoilSystemAuto.idf,USA_IL_Chicago-OHare.Intl.AP.725300_TMY3,
VSHeatPumpWaterHeater.idf,USA_FL_Miami.Intl.AP.722020_TMY3,
VSHeatPumpWaterToAirEquationFit.idf,USA_IL_Chicago-OHare.Intl.AP.725300_TMY3,
VSHeatPumpWaterToAirWithRHControl.idf,USA_FL_Miami.Intl.AP.722020_TMY3,
VSWaterHeaterHeatPumpStratifiedTank.idf,USA_IL_Chicago-OHare.Intl.AP.725300_TMY3,
VariableRefrigerantFlow_5Zone.idf,USA_FL_Miami.Intl.AP.722020_TMY3,
VariableRefrigerantFlow_5Zone_wAirloop.idf,USA_FL_Miami.Intl.AP.722020_TMY3,
VariableRefrigerantFlow_FluidTCtrl_5Zone.idf,USA_FL_Miami.Intl.AP.722020_TMY3,
VariableRefrigerantFlow_FluidTCtrl_HR_5Zone.idf,USA_FL_Miami.Intl.AP.722020_TMY3,
VaryingLocationAndOrientation.idf,USA_CO_Denver-Stapleton_TMY,
VentilatedSlab.idf,USA_IL_Chicago-OHare.Intl.AP.725300_TMY3,
VentilatedSlab_SeriesSlabs.idf,USA_IL_Chicago-OHare.Intl.AP.725300_TMY3,
VentilationSimpleTest.idf,USA_IL_Chicago-OHare.Intl.AP.725300_TMY3,
WCE_Diffuse_Shade.idf,USA_IL_Chicago-OHare.Intl.AP.725300_TMY3,
WCE_DoubleClear_BSDF.idf,USA_IL_Chicago-OHare.Intl.AP.725300_TMY3,
WCE_Interior_VB_-45_deg.idf,USA_IL_Chicago-OHare.Intl.AP.725300_TMY3,
WWHPSimpleAuto.idf,USA_IL_Chicago-OHare.Intl.AP.725300_TMY3,
WaterHeaterDHWPlantLoop.idf,USA_IL_Chicago-OHare.Intl.AP.725300_TMY3,
WaterHeaterHeatPumpStratifiedTank.idf,USA_IL_Chicago-OHare.Intl.AP.725300_TMY3,
WaterHeaterHeatPumpWrappedCondenser.idf,USA_FL_Miami.Intl.AP.722020_TMY3,
WaterHeaterStandAlone.idf,USA_IL_Chicago-OHare.Intl.AP.725300_TMY3,
WaterSideEconomizer_Integrated.idf,USA_IL_Chicago-OHare.Intl.AP.725300_TMY3,
WaterSideEconomizer_NonIntegrated.idf,USA_IL_Chicago-OHare.Intl.AP.725300_TMY3,
WindACAirtoAir.idf,USA_IL_Chicago-OHare.Intl.AP.725300_TMY3,
WindACAuto.idf,USA_IL_Chicago-OHare.Intl.AP.725300_TMY3,
WindACRHControl.idf,USA_FL_Miami.Intl.AP.722020_TMY3,
WindowTests.idf,USA_CO_Denver-Stapleton_TMY,
WindowTestsSimple.idf,USA_CO_Denver-Stapleton_TMY,
ZoneCoupledGroundHTBasement.idf,USA_CO_Denver-Stapleton_TMY,
ZoneCoupledGroundHTSlabInGrade.idf,USA_IL_Chicago-OHare.Intl.AP.725300_TMY3,
ZoneCoupledGroundHTSlabOnGrade.idf,USA_IL_Chicago-OHare.Intl.AP.725300_TMY3,
ZoneCoupledKivaBasement.idf,USA_CO_Denver-Stapleton_TMY,
ZoneCoupledKivaConvection.idf,USA_CO_Denver-Stapleton_TMY,
ZoneCoupledKivaRefBldgMediumOffice.idf,USA_IL_Chicago-OHare.Intl.AP.725300_TMY3,
ZoneCoupledKivaSlab.idf,USA_IL_Chicago-OHare.Intl.AP.725300_TMY3,
ZoneCoupledKivaWalkoutBasement.idf,USA_CO_Denver-Stapleton_TMY,
ZoneSysAvailManager.idf,USA_CO_Denver-Stapleton_TMY,
ZoneVSWSHP_wDOAS.idf,USA_CO_Denver-Stapleton_TMY,
ZoneWSHP_wDOAS.idf,USA_CO_Denver-Stapleton_TMY,
_1ZoneUncontrolled_Feb29.idf,USA_CO_Denver-Stapleton_TMY,
_1ZoneUncontrolled_SineOSC.idf,USA_CO_Denver-Stapleton_TMY,
_1ZoneUncontrolled_customrange.idf,USA_IL_Chicago-OHare.Intl.AP.725300_TMY3,
_1a-Long0.0.idf,USA_IL_Chicago-OHare.Intl.AP.725300_TMY3,
_5ZoneAirCooled_annual.idf,USA_IL_Chicago-OHare.Intl.AP.725300_TMY3,
_5ZoneAirCooled_LeapYear_annual.idf,MadeUpLeapYear,
_5ZoneEvapCooled.idf,USA_IL_Chicago-OHare.Intl.AP.725300_TMY3,
_AllOffOpScheme.idf,USA_IL_Chicago-OHare.Intl.AP.725300_TMY3,
_BranchPumpsWithCommonPipe.idf,USA_IL_Chicago-OHare.Intl.AP.725300_TMY3,
_CTFTestsPart1.idf,USA_CO_Denver-Stapleton_TMY,
_CTFTestsPart2.idf,USA_CO_Denver-Stapleton_TMY,
_ConvCoefftest.idf,USA_IL_Chicago-OHare.Intl.AP.725300_TMY3,
_CoolingTowerDewPointRangeOp.idf,USA_IL_Chicago-OHare.Intl.AP.725300_TMY3,
_CoolingTowerWithDPDeltaTempOp.idf,USA_IL_Chicago-OHare.Intl.AP.725300_TMY3,
_DOASDXCOIL_wUserSHRMethod.idf,USA_FL_Miami.Intl.AP.722020_TMY3,
_DemandVentilationFixedRateAndHighPriority.idf,USA_IL_Chicago-OHare.Intl.AP.725300_TMY3,
_DemandVentilationReductionRatioAndHighPriority.idf,USA_IL_Chicago-OHare.Intl.AP.725300_TMY3,
_DemandVentilationReductionRatioAndLowPriority.idf,USA_IL_Chicago-OHare.Intl.AP.725300_TMY3,
_DualDuctConstVolDamperMultizoneAverageSetPointManager.idf,USA_IL_Chicago-OHare.Intl.AP.725300_TMY3,
_ElectricREformulatedEIRChiller.idf,USA_IL_Chicago-OHare.Intl.AP.725300_TMY3,
_ExternalInterface-actuator.idf,USA_IL_Chicago-OHare.Intl.AP.725300_TMY3,Y
_ExternalInterface-functionalmockupunit-to-actuator.idf,USA_IL_Chicago-OHare.Intl.AP.725300_TMY3,Y
_ExternalInterface-functionalmockupunit-to-schedule.idf,USA_IL_Chicago-OHare.Intl.AP.725300_TMY3,Y
_ExternalInterface-functionalmockupunit-to-variable.idf,USA_IL_Chicago-OHare.Intl.AP.725300_TMY3,Y
_ExternalInterface-schedule.idf,USA_IL_Chicago-OHare.Intl.AP.725300_TMY3,Y
_ExternalInterface-variable.idf,USA_IL_Chicago-OHare.Intl.AP.725300_TMY3,Y
_FanCoilHybridVentAFN.idf,USA_IL_Chicago-OHare.Intl.AP.725300_TMY3,
_FollowSysNodeTemp.idf,USA_IL_Chicago-OHare.Intl.AP.725300_TMY3,
_FuelCellTest200.idf,USA_IL_Chicago-OHare.Intl.AP.725300_TMY3,
_HybridVentilationControlGlobalAN.idf,USA_IL_Chicago-OHare.Intl.AP.725300_TMY3,
_HybridVentilationControl_MinTime.idf,USA_IL_Chicago-OHare.Intl.AP.725300_TMY3,
_MaterialTest.idf,USA_CO_Denver-Stapleton_TMY,
_MicroCHPTest301.idf,USA_IL_Chicago-OHare.Intl.AP.725300_TMY3,
_MultiSpeedACElecFurnace.idf,USA_IL_Chicago-OHare.Intl.AP.725300_TMY3,
_PurchAirWindowBlind2.idf,USA_IL_Chicago-OHare.Intl.AP.725300_TMY3,
_PurchAirWindowBlind3.idf,USA_IL_Chicago-OHare.Intl.AP.725300_TMY3,
_PurchAirWindowBlind4.idf,USA_IL_Chicago-OHare.Intl.AP.725300_TMY3,
_SingleZoneTestCTFTwoDD.idf,USA_IL_Chicago-OHare.Intl.AP.725300_TMY3,
_SingleZoneTestCondFDTwoDD.idf,USA_IL_Chicago-OHare.Intl.AP.725300_TMY3,
_SmallOffice_Dulles.idf,USA_VA_Sterling-Washington.Dulles.Intl.AP.724030_TMY3,
_VAVSingleDuctConstFlowBoiler_otherfuel.idf,USA_IL_Chicago-OHare.Intl.AP.725300_TMY3,
gasAbsorptionChillerHeater.idf,USA_IL_Chicago-OHare.Intl.AP.725300_TMY3,
